1, Ricardo de Aquino Salles, ricardo_salles@email.gov.br, M2C8UE1P, null, 3
2, Vitor Diogo Cauê Campos, vitordiogocauecampos__vitordiogocauecampos@iaru.com, nRRf3kRxFY, null, 1
3, Calebe Manoel Levi Viana, calebemanoelleviviana-95@mv1.com.br, tBN2UwPuiR, null, 1
4, Breno Renato Bernardo da Paz, bbrenorenatobernardodapaz@gmnail.com, fpO023g71I, null, 1
5, Ryan João Vitor Cavalcanti, ryanjoaovitorcavalcanti-91@tkk.com.br, x9uOefRsy0, null, 1
6, Francisco Yago Lopes, franciscoyagolopes__franciscoyagolopes@grupoitamaraty.com.br, UopTw4w7pS, null, 1
7, Maya Carla Lima, mmayacarlalima@tecsysbrasil.com.br, JUW4u6gLeM, null, 1
8, Aparecida Josefa Caroline da Paz, aparecidajosefacarolinedapaz__aparecidajosefacarolinedapaz@edpbr.com.br, dP3tSKuhKw, null, 1
9, Anthony Lucas Oliveira, aanthonylucasoliveira@marsans.com.br, 2Q8rqG2je5, null, 1
10, Sandra Analu Beatriz da Paz, sandraanalubeatrizdapaz_@2registrocivil.com.br, dxdEoOYYJ4, null, 2
11, Iago Otávio Pires, iagootaviopires__iagootaviopires@effem.com, qgUrNz6SRU, null, 2
12, Alana Fernanda Alice Rodrigues, alanafernandaalicerodrigues__alanafernandaalicerodrigues@inforgel.com, gmmmpcNF7o, null, 1
13, Larissa Laura Sophia Porto, larissalaurasophiaporto__larissalaurasophiaporto@centroin.com.br, 2xULn3PwTN, null, 1
14, Luiz Manoel Calebe Nogueira, lluizmanoelcalebenogueira@mushsanches.com, N91THImJNQ, null, 1
15, Gabrielly Isabella Hadassa Pinto, gabriellyisabellahadassapinto__gabriellyisabellahadassapinto@technocut.com.br, CFCpuWhiBi, null, 1
16, Melissa Priscila Stella Nascimento, mmelissapriscilastellanascimento@unitau.com.br, CJJlEnNsy5, null, 1
17, Letícia Vanessa Antônia Moura, leticiavanessaantoniamoura-70@eletrovip.com, uIGJ7npxfM, null, 1
18, Vera Cristiane Rocha, veracristianerocha_@akto.com.br, FSazquHySm, null, 2
19, Arthur Joaquim Farias, arthurjoaquimfarias..arthurjoaquimfarias@iquattro.com.br, 6ANPs6Cg9Q, null, 1
20, Marcelo Emanuel Matheus Nogueira, mmarceloemanuelmatheusnogueira@tokiomarine.com.br, OcpQtS14Sd, null, 2
21, Eliane Milena Francisca Castro, elianemilenafranciscacastro__elianemilenafranciscacastro@leonardocordeiro.com, rRyyLbMciX, null, 2
22, Erick Ruan César Baptista, erickruancesarbaptista..erickruancesarbaptista@yahool.com, N26ptz3S95, null, 1
23, Kaique Vicente Alexandre Gomes, kaiquevicentealexandregomes__kaiquevicentealexandregomes@igui.com.br, G3xE9A8TGy, null, 1
24, Kauê Tomás Cavalcanti, kauetomascavalcanti__kauetomascavalcanti@accardoso.com.br, ltQC0YEaKE, null, 1
25, Esther Vera Aurora Lopes, estherveraauroralopes..estherveraauroralopes@sabesp.com.br, 6xKUENlnIw, null, 2
26, Paulo Carlos Eduardo Galvão, ppaulocarloseduardogalvao@compecia.com.br, WsOqk257I4, null, 1
27, Samuel Raul da Conceição, samuelrauldaconceicao__samuelrauldaconceicao@hospitalprovisao.org.br, AT6AET3Pc2, null, 1
28, Diego Nathan Barbosa, ddiegonathanbarbosa@yazigi.com, ITUzXbXDbd, null, 2
29, Vitor Bernardo Otávio Monteiro, vvitorbernardootaviomonteiro@megapremiumvip.com, 3z0poOitiW, null, 1
30, Noah Rafael Gonçalves, nnoahrafaelgoncalves@mfb.com.br, N6eK7D5AYu, null, 1
31, Emilly Cecília Teresinha Galvão, emillyceciliateresinhagalvao..emillyceciliateresinhagalvao@ocaconsultoria.com, 5utTLi03ki, null, 1